created_at,conversation_id,text,author_id,id,public_metrics.retweet_count,public_metrics.reply_count,public_metrics.like_count,public_metrics.quote_count
2022-02-13T09:18:55.000Z,1492790379485306881,"RT @MBalawelder: ≈ªyd Johnson podczas wizyty w Polsce  - "" Kiedy Polska jest zagrozona Wielka Brytania zawsze przychodzi z pomoca "" #pis #po‚Ä¶",903940033287217152,1492790379485306881,10,0,0,0
2022-02-13T09:06:53.000Z,1492787350249820160,"RT @patriokrata: Korsze, Mazury. 
Ludzie zaczynajƒÖ siƒô niepokoiƒá‚Ä¶
#Wojna https://t.co/P2pov2v4As",727584296563781634,1492787350249820160,278,0,0,0
2022-02-13T09:05:21.000Z,1492786966018068480,RT @MBalawelder: szczury juz spierdalaja :) slawa ukrainu ale oczywiscie wierchuszka juz grzeje samoloty do telavivu. jak w polin #polska #‚Ä¶,4026288256,1492786966018068480,38,0,0,0
2022-02-13T08:47:56.000Z,1492782579698782211,"Ministerstwo Spraw Zagranicznych wzywa Fin√≥w do natychmiastowego opuszczenia Ukrainy
#Finlandia #Ukraina #Rosja #wojna https://t.co/AMDeX1aB2i",701252508270903296,1492782579698782211,0,0,0,0
2022-02-13T08:26:59.000Z,1492777307441963017,"Zaczyna przera≈ºaƒá mnie nieuchronno≈õƒá konfliktu zbrojnego, kt√≥ry bƒôdzie siƒô rozgrywa≈Ç tu≈º, tu≈º przy Polsce. O jego konsekwencjach wolƒô nawet nie my≈õleƒá. Przygnƒôbia r√≥wnie≈º fakt, ≈ºe obecna w≈Çadza nie daje mi poczucia tego, ≈ºe jeste≈õmy bezpieczni.
#wojna #konflikt #Ukraina #Rosja",1487844194236485634,1492777307441963017,0,1,4,0
2022-02-13T08:09:01.000Z,1492772787517337602,"My≈õlcie logocznie,nie ≈ºyczeniowo. Amerykanie przyjechali ewakuowaƒá swoich a nie walczyƒá za Adama I Justynƒô.  AMERYKA√ëSKA prasa pisze o tym wprost. Polskie media wprowadzajƒÖ polak√≥w w b≈ÇƒÖd. 82ta dywizja, dywizja do ewakuacji ludzi z Kabulu I tweak z Ukrainy.
#ukrainy
#wojna
#Putin https://t.co/Y0ZGA5ZQH5",1461453433114873856,1492772787517337602,0,0,0,0
2022-02-13T07:12:06.000Z,1492758461704286209,RT @Piotr_1978_: Teraz wyobra≈∫my sobie ≈ºe w dzisiejszej trudnej sytuacji we wschodniej Europie naszym zwierzchnikiem Si≈Ç Zbrojnych jest p≈Ça‚Ä¶,3345144603,1492758461704286209,19,0,0,0
2022-02-13T07:09:12.000Z,1492757735712116736,RT @MBalawelder: zydostwo z pisu poswieci Polske zeby obronic rodakow z chabadowskiego banderlandu ode mnie 3 chuje w bok #zdrajcy i #kurwy‚Ä¶,1291813572226539522,1492757735712116736,17,0,0,0
2022-02-13T07:08:36.000Z,1492757584159420418,"Wojna to nie tylko dzia≈Çania militarne. To r√≥wnie≈º biznes, ekonomia i dzia≈Çania w gospodarce.  #Wojna #Rosja",1491891952354222085,1492757584159420418,0,0,0,0
2022-02-13T09:33:00.000Z,1492793922741022723,"widzowie poleƒácie jakiego≈õ koksa z podziemia, nie mam czego s≈Çuchaƒá 
.
.
.
.
.
btw jakie tagi pod zasiƒôgi oddajƒÖ?
#Putin #Ukraine #Russia",1379813305188032518,1492793922741022723,0,0,1,0
2022-02-13T09:30:04.000Z,1492793183658467330,"RT @tvp_info: üó®Ô∏è@SzSz_velSek: Prezydent #Putin nie spodziewa≈Ç siƒô tak jednoznacznej postawy pa≈Ñstw #NATO
#wieszwiƒôcej #Woronicza17 https://‚Ä¶",3324605487,1492793183658467330,1,0,0,0
2022-02-13T09:29:30.000Z,1492793040385290247,"RT @DoRzeczy_pl: Donald Trump skrytykowa≈Ç Joe Bidena: #Putin jest bardziej ≈õmia≈Çy po tym, jak widzia≈Ç ewakuacjƒô wojsk #USA z Afganistanu 
h‚Ä¶",3324605487,1492793040385290247,21,0,0,0
2022-02-13T09:28:49.000Z,1492792868284645378,"üó®Ô∏è@SzSz_velSek: Prezydent #Putin nie spodziewa≈Ç siƒô tak jednoznacznej postawy pa≈Ñstw #NATO
#wieszwiƒôcej #Woronicza17 https://t.co/sXnoC5Kr1o",47295451,1492792868284645378,1,2,3,1
2022-02-13T09:23:40.000Z,1492791574417350657,"Propozycja dla #Tuska i #Sikorskiego ju≈º wtedy pokazuje o czym my≈õli #Putin i gdzie ma sprzymierze≈Ñc√≥w? #Fakt
Jeden DIL zrobiony ka≈ºdy wie jaki? #woronicza17 https://t.co/MGhbscPgcv",2430772201,1492791574417350657,0,0,2,0
2022-02-13T09:19:50.000Z,1492790608553025540,"RT @RepublikaTV: #StudioPrasowe | dr Sebastian #Gajewski: #Putin chce pokazaƒá swoim obywatelom, ≈ºe Federacja Rosyjska jest pa≈Ñstwem tak wa≈º‚Ä¶",3170026013,1492790608553025540,1,0,0,0
2022-02-13T09:15:48.000Z,1492789592646459392,RT @MBalawelder: tak sie gra z frajerami - Angela od dziecka boi sie psow Putin na spotkaniu przez przypadek wpuscil labradora do sali :D‚Ä¶,4818861741,1492789592646459392,18,0,0,0
2022-02-13T09:15:04.000Z,1492789410764668928,"#StudioPrasowe | dr Sebastian #Gajewski: #Putin chce pokazaƒá swoim obywatelom, ≈ºe Federacja Rosyjska jest pa≈Ñstwem tak wa≈ºnym, jak wa≈ºnym by≈Ç ZwiƒÖzek Radziecki.

#w≈ÇƒÖczprawdƒô #TVRepublika",1073461458,1492789410764668928,1,0,1,0
2022-02-13T09:12:28.000Z,1492788754104430598,"RT @PawelChojecki: Ka≈ºdy Polak powinien zadaƒá sobie pytanie: w jakim charakterze #Duda by≈Ç w #Chiny razem z #Putin???
#Ha≈Ñba #KatoKomuna #P‚Ä¶",1384590501546954753,1492788754104430598,27,0,0,0
2022-02-13T09:07:13.000Z,1492787433997578241,"RT @kuba_urba: Dwaj przyjaciele Nowogrodzkiej. Jak tam ""Fort Trump"", wielkie marzenie Dudusia? #PutinImKrieg #putin #trump #dupa #Ukraina #‚Ä¶",2352977233,1492787433997578241,2,0,0,0
2022-02-13T09:05:36.000Z,1492787025233252352,"Dwaj przyjaciele Nowogrodzkiej. Jak tam ""Fort Trump"", wielkie marzenie Dudusia? #PutinImKrieg #putin #trump #dupa #Ukraina #UkraineCrisis #UkraineConflict #UkraineInvasion by Banksy https://t.co/UNqxUtDIwz",4587908235,1492787025233252352,2,0,4,0
2022-02-13T09:00:55.000Z,1492785849540530177,RT @MBalawelder: #ukraina #pis #upa #polska #onyszkiewicz #kijow #ukraincy #wtylewizji kolejny upowski patriota onyszkiewYCZ... #putin #ros‚Ä¶,1153697754989912064,1492785849540530177,16,0,0,0
2022-02-13T09:40:08.000Z,1492429670796738564,@pitors1 @JardirX @krzysztofbosak Z lud≈∫mi jest na prawdƒô ≈∫le skoro ca≈Çe ≈ºycie publiczne chcieliby podporzƒÖdkowaƒá pod walkƒô z jednym wirusem.,1478820082969108485,1492795718641328130,0,0,0,0
2022-02-13T09:39:53.000Z,1492648610881843203,"@krzysztofbosak Krzysiek, to nie chcƒô ciƒô martwiƒá, ale chyba nie macie ""g≈Çowy Ko≈õcio≈Ça"". Jak ≈ºyƒá?üòÖ",713836895495696384,1492795653428285440,0,0,0,0
2022-02-13T09:38:52.000Z,1492648610881843203,@krzysztofbosak A je≈õli kto≈õ g≈Çosi takie dyrdyma≈Çy jak ty to powinien zostaƒá zamkniƒôty w takim specjalnym szpitalu,298978066,1492795400356511744,0,0,0,0
2022-02-13T09:38:49.000Z,1492648610881843203,@Jakub465300001 @RobertPiech @shvzette @krzysztofbosak Mordo masz mo≈ºe ochotƒô na jakƒÖ≈õ krucjatƒô?,841369700433088514,1492795387165487107,0,0,0,0
2022-02-13T09:38:31.000Z,1492648610881843203,@krzysztofbosak Je≈õli kto≈õ wierzy w te wsyztskie bajki o jezusku i reszcie pokemon√≥w i w jakikolwiek spos√≥b wspiera ko≈õci√≥≈Ç jest po prostu nieducoznym zjebem,1325324941949079552,1492795310367723520,0,0,0,0
2022-02-13T09:35:58.000Z,1492794668588875776,"RT @Polityka_wSieci: Nowi fani FB ost 7dni
1 @donaldtusk +1,682
2 @SlawomirMentzen +1,016
3 @GrzegorzBraun_ +595
4 @MorawieckiM +364
5 @Kos‚Ä¶",926373334027259904,1492794668588875776,1,0,0,0
2022-02-13T09:34:16.000Z,1492648610881843203,@MrKrink64298639 @krzysztofbosak wsp√≥≈Çczuj sobie,43391007,1492794240149168133,0,0,0,0
2022-02-13T09:34:08.000Z,1492648610881843203,"@krzysztofbosak Popatrz na to jak, patrzy ko≈õci√≥≈Ç - od strony biznesowej. Nie ma wiernych, nie ma kasy, nie ma chƒôtnych na kap≈Çan√≥w. ≈öwiƒôta inkwizycja ju≈º nie przejdzie.",4821613240,1492794205827129345,0,0,0,0
2022-02-13T09:33:57.000Z,1492794161644425218,"Nowi fani FB ost 7dni
1 @donaldtusk +1,682
2 @SlawomirMentzen +1,016
3 @GrzegorzBraun_ +595
4 @MorawieckiM +364
5 @KosiniakKamysz +18
6 @AndrzejDuda +7
7 @wlodekczarzasty +5
8 @ZiobroPL -3
9 @ZandbergRAZEM -16
10 @krzysztofbosak -79
11 @RobertBiedron -266
12 @szymon_holownia -678 https://t.co/tSufyZ6Dg8",3402670365,1492794161644425218,1,0,6,0
2022-02-13T09:33:37.000Z,1492648610881843203,@krzysztofbosak @KONFEDERACJA_ A tutaj jak bƒôdziesz broni≈Ç czarnego raka ? https://t.co/bx532419d7,541245714,1492794077968011264,0,0,0,0
2022-02-13T09:33:28.000Z,1492648610881843203,@krzysztofbosak https://t.co/w6TpojJiQW,1060225671086137344,1492794040366022661,0,0,0,0
2022-02-13T09:33:14.000Z,1492648610881843203,@shvzette @krzysztofbosak Wiara to nie sklep z kt√≥rego sobie bierzemy co nam pasuje. W≈Ça≈õnie przez to ≈ºe zamienia siƒô w taki sklep upada.,2527786159,1492793981016711176,0,0,0,0
2022-02-13T09:33:02.000Z,1492793929225416704,"Doskona≈Ça, merytoryczna wypowied≈∫ p. @krzysztofbosak w @PolsatNewsPL u Rymanowskiego na temat tzw. Porozumienia Mi≈Ñskiego i o tym, co - tak naprawdƒô - robiƒÖ Francja i Niemcy.
Dziƒôkujƒô @krzysztofbosak , pozdrawiam!",928633353422671872,1492793929225416704,0,0,0,0
2022-02-13T09:31:53.000Z,1492648610881843203,"@krzysztofbosak Prorocze slowa !
https://t.co/LKOZ5bSsFN",1060225671086137344,1492793641928392705,0,0,0,0
2022-02-13T09:31:20.000Z,1492783279212220421,"@Mariusz29097073 @krzysztofbosak @PolsatNewsPL @KONFEDERACJA_ Ojoj. Jaki kwik, ≈ºe redaktor nie ≈õpiewa z klucza ""totalnej opozycji"" lub tuby propagandowej rzƒÖdowej.",1127836308754305024,1492793504753504262,0,0,0,0
2022-02-13T09:30:43.000Z,1492648610881843203,"@krzysztofbosak Kosciol ? Jaki kosciol ? To jest tylko zwyczajna organizacja ,ktora od wiekow zerowala na ludzkiej glupocie. https://t.co/BHCyGr9Kg2",1060225671086137344,1492793349031567363,0,0,1,0
2022-02-13T09:29:05.000Z,1492792937020801027,RT @WolnoscO: Pose≈Ç @krzysztofbosak na temat ameryka≈Ñskiej polityki informacyjnej na Ukrainie https://t.co/6QUpBtspCG,1163758448036782082,1492792937020801027,9,0,0,0
2022-02-13T09:29:01.000Z,1492648610881843203,"@krzysztofbosak TysiƒÖce nazistowskich zbrodniarzy uciek≈Ço po II wojnie ≈õwiatowej przede wszystkim do Ameryki Po≈Çudniowej przez tzw. ‚Äûliniƒô szczur√≥w‚Äù. Pomaga≈Ç im Watykan. 
https://t.co/EGwihtScoS",1060225671086137344,1492792920298110981,0,0,0,0
2022-02-13T09:28:42.000Z,1492635152257847297,@krzysztofbosak @MF_GOV_PL @SlawomirMentzen @MorawieckiM Skoro jest tak ≈∫le z ≈Çadem to chyba dla was dobrze? Wie Pan czym sie r√≥≈ºni napisanie i wdro≈ºenie reformy od jej krytyki i wytkniƒôcia paru oczywistych  b≈Çƒôd√≥w  ju≈º po jej wprowadzeniu? Mnie ciekawi czy by≈Çy konsultacje z urzƒôdnikami KAS przed wprowadzeniem reformy ...,916770727466078209,1492792840337960963,0,0,0,0
2022-02-13T09:28:36.000Z,1492648610881843203,"@krzysztofbosak Kretynie udajƒÖcy intelektualistƒô. Wiesz co oznacza ""progresja""? Nawet w tym idiotycznym kontek≈õcie, w kt√≥rym u≈ºy≈Çe≈õ tego s≈Çowa, zrobi≈Çe≈õ to ≈∫le. Ale czego mozna wymagaƒá od ledwo licealisty.",1333063006754902021,1492792816908611591,0,0,1,0
2022-02-13T09:39:48.000Z,1492426208436490240,@tom_wiejski @RobertWinnicki Oczywi≈õcie tylko tutaj nie wystƒôpuje ta sytuacja. Ja twierdzƒô ≈ºe teraz to ju≈º mleko jest rozlane. Tego funduszu nie nale≈ºa≈Ço przyjmowaƒá. Proszƒô zobaczyƒá ≈∫r√≥d≈Ça finansowania oraz kto i na jakich zasadach bƒôdzie beneficjentem.,1307418477364416512,1492795631643070466,0,0,0,0
2022-02-13T09:39:41.000Z,1492426208436490240,@RobertWinnicki @donaldtuskEPP Ty kurwa siebie s≈Çyszysz? Kto niszczy Polski przemys≈Ç? üòÇ Nie zauwa≈ºy≈Çe≈õ kto rzƒÖdzi od 7 lat??,2705464084,1492795604170379265,0,0,0,0
2022-02-13T09:37:23.000Z,1492795025276735490,"RT @RobertWinnicki: Tusk z paletami euro nie powie wam, ≈ºe to wszystko d≈Çug, kt√≥ry w naszym imieniu Bruksela zaciƒÖga, kt√≥ry bƒôdziemy musiel‚Ä¶",810573037871525888,1492795025276735490,255,0,0,0
2022-02-13T09:30:52.000Z,1492426208436490240,@HanterPoen @RobertWinnicki @donaldtuskEPP Niech jest nawet chi≈Ñczykiem..on potrafi..a wy pisowskie plemienie na emigracjƒô z Polski siƒô szykujcie..,1433509113833603081,1492793383416442883,0,0,0,0
2022-02-13T09:29:28.000Z,1492426208436490240,"@Rafal_Plonsk @RobertWinnicki W naturze jest tak, ≈ºe aby co≈õ wyjƒÖƒá, trzeba najpierw wsadziƒá.",1454719180406657027,1492793032869093378,0,1,0,0
2022-02-13T09:28:36.000Z,1492792815608377345,RT @HanterPoen: @RobertWinnicki @donaldtuskEPP Brawo Panie Winnicki tylko dodaƒá trzeba niech wraca tusk do swojej rodziny do Niemiec bo tam‚Ä¶,1433509113833603081,1492792815608377345,2,0,0,0
2022-02-13T09:27:11.000Z,1492792456643072000,@Leszczyna @M_K_Blonska @KwiatkowskiRob https://t.co/1cmjasU1gE,1230565685673132032,1492792456643072000,0,0,0,0
2022-02-13T09:26:24.000Z,1492426208436490240,@RobertWinnicki @krzysztofbosak 30 srebrnikow z judaszem w pakiecie,739925909420036096,1492792261930856451,0,0,0,0
2022-02-13T09:26:09.000Z,1492639450802933760,"@RobertWinnicki Szkoda,≈ºe nie by≈Çe≈õ taki demokratyczny przy wyborze ≈õwiƒôczkowskiego https://t.co/IxMt100Nub",1166649152,1492792199976992768,0,0,0,0
2022-02-13T09:25:29.000Z,1492426208436490240,@tom_wiejski @RobertWinnicki To o czym Pan pisze nie ma nic wsp√≥lnego z tym ≈ºe to d≈Çug.,1307418477364416512,1492792029289619463,0,1,0,0
2022-02-13T09:24:06.000Z,1492426208436490240,"@LordPanicz1 @annamaria7610 @RobertWinnicki @donaldtuskEPP Czy order Lenina, ≈ºelazny krzy≈º..Tuskowi siƒô nale≈ºy..bo wy pisowskie dupy nie potraficie..",1433509113833603081,1492791683909570562,0,0,1,0
2022-02-13T09:23:41.000Z,1492639450802933760,"@RobertWinnicki je≈ºeli macie wystarczajƒÖcƒÖ liczbƒô g≈Ços√≥w, ≈ºeby Banasia uchroniƒá, to macie te≈º wystarczajƒÖcƒÖ liczbƒô, aby w jego miejsce powo≈Çaƒá niezale≈ºnego, po≈ºƒÖdnego cz≈Çowieka.",1360200851365756928,1492791576866795522,0,0,0,0
2022-02-13T09:22:25.000Z,1492136573751681025,"@elmoro231986 @ukasz86983363 @Roman440440 @RPDPawlak @nowePSL @jflibicki @__Lewica @LeszekMiller @AdamBielan @D_Sosnierz @SolidarnaPL @ZiobroPL @mwojcik_ @MS_GOV_PL @OzdobaJacek @MariuszGosek @szczudlo_a @ECHR_CEDH @EwaKopacz @donaldtusk @RTraktowanie @MorawieckiM @prezydentpl @AndrzejDuda @RobertBiedron @MRiPS_GOV_PL @Pawel_Skutecki @EUauditors @Europarl_PL @EUinPL @COE_Execution @KochanMagdalena Pos≈Çowie Konfederacji jak @D_Sosnierz , @GrzegorzBraun, @RobertWinnicki, @ArturDziambor  jak najbardziej wspierajƒÖ Nasze dzia≈Çania na rzecz praw dzieci do obojga rodzic√≥w. Przydatne by≈Çoby jednak faktycznie jeszcze jednoznaczne poparcie Naszych dzia≈Ça≈Ñ, jako ca≈Ço≈õciowego ruchu.",1415048538820694023,1492791260259758084,1,0,1,0
2022-02-13T09:22:10.000Z,1492426208436490240,@RobertWinnicki @donaldtuskEPP Mo≈ºesz m√≥wiƒá w swoim imieniu ?,3123290124,1492791195893854208,0,0,0,0
2022-02-13T09:21:47.000Z,1492791098854490112,"RT @KONFEDERACJA_: .@RobertWinnicki: Tusk z paletami euro nie powie wam, ≈ºe to d≈Çug, kt√≥ry w naszym imieniu Bruksela zaciƒÖga, kt√≥ry bƒôdziem‚Ä¶",1474110085542592515,1492791098854490112,73,0,0,0
2022-02-13T09:21:14.000Z,1492426208436490240,@PrezesFabryki_ @RobertWinnicki I weszpolaku.,1288145035876327425,1492790962325708800,0,0,0,0
2022-02-13T09:20:49.000Z,1492790855169626112,RT @annamaria7610: @RobertWinnicki @donaldtuskEPP Zabieraj swoich nazioli @RobertWinnicki i wracaj do swojego rosyjskiego pana. Robota dobr‚Ä¶,1433509113833603081,1492790855169626112,1,0,0,0
2022-02-13T09:20:05.000Z,1492426208436490240,"@annamaria7610 @RobertWinnicki @donaldtuskEPP Czy order Lenina, czy ≈ºelazny krzy≈º..Tuskowi siƒô nale≈ºy..bo wy Pisowskie dupy nie potraficie!",1433509113833603081,1492790672063143938,0,0,1,0
